{"stats":{"minecraft:picked_up":{"minecraft:mutton":1,"minecraft:white_wool":1},"minecraft:custom":{"minecraft:jump":158,"minecraft:time_since_rest":5103,"minecraft:damage_dealt":155,"minecraft:leave_game":1,"minecraft:sprint_one_cm":11574,"minecraft:play_time":8623,"minecraft:deaths":1,"minecraft:time_since_death":5075,"minecraft:walk_one_cm":3971,"minecraft:total_world_time":8623,"minecraft:mob_kills":1,"minecraft:fall_one_cm":5283,"minecraft:fly_one_cm":105928},"minecraft:killed":{"minecraft:sheep":1},"minecraft:mined":{"minecraft:grass":1}},"DataVersion":3465}